expirationDate,daysToExpiration,bid,ask,strikePrice,totalVolume,volatility,delta,gamma,theta,vega,stock_price
2022-12-30,2,14.0,14.35,116.0,142,NaN,NaN,NaN,NaN,0.005,130.03
2022-12-30,2,13.0,13.4,117.0,3,48.748,0.986,0.006,-0.046,0.005,130.03
2022-12-30,2,12.0,12.3,118.0,2,46.556,0.983,0.007,-0.051,0.006,130.03
2022-12-30,2,11.1,11.45,119.0,54,44.121,0.979,0.009,-0.055,0.007,130.03
2022-12-30,2,10.05,10.35,120.0,110,43.108,0.971,0.012,-0.067,0.009,130.03
2022-12-30,2,9.1,9.45,121.0,6,41.361,0.961,0.016,-0.077,0.011,130.03
2022-12-30,2,8.15,8.5,122.0,168,39.831,0.948,0.02,-0.09,0.014,130.03
2022-12-30,2,7.2,7.55,123.0,111,38.228,0.931,0.027,-0.105,0.017,130.03
2022-12-30,2,6.25,6.55,124.0,307,36.855,0.906,0.035,-0.124,0.022,130.03
2022-12-30,2,5.3,5.55,125.0,1961,35.912,0.87,0.045,-0.149,0.028,130.03
2022-12-30,2,4.45,4.65,126.0,561,35.648,0.819,0.057,-0.18,0.034,130.03
2022-12-30,2,3.7,3.85,127.0,820,34.852,0.76,0.068,-0.205,0.041,130.03
2022-12-30,2,3.0,3.1,128.0,2163,34.123,0.688,0.079,-0.225,0.046,130.03
2022-12-30,2,2.35,2.41,129.0,9989,33.727,0.605,0.088,-0.24,0.05,130.03
2022-12-30,2,1.82,1.84,130.0,35524,33.062,0.515,0.092,-0.242,0.052,130.03
2022-12-30,2,1.31,1.34,131.0,21737,33.332,0.424,0.09,-0.239,0.051,130.03
2022-12-30,2,0.92,0.94,132.0,25873,32.549,0.334,0.086,-0.216,0.047,130.03
2022-12-30,2,0.61,0.63,133.0,26217,32.117,0.252,0.076,-0.186,0.042,130.03
2022-12-30,2,0.39,0.42,134.0,14987,31.886,0.182,0.063,-0.152,0.034,130.03
2022-12-30,2,0.25,0.26,135.0,23984,31.726,0.126,0.05,-0.118,0.027,130.03
2022-12-30,2,0.16,0.17,136.0,9242,32.124,0.087,0.038,-0.091,0.021,130.03
2022-12-30,2,0.09,0.11,137.0,7031,32.206,0.057,0.027,-0.066,0.015,130.03
2022-12-30,2,0.06,0.07,138.0,8114,32.888,0.038,0.019,-0.049,0.011,130.03
2022-12-30,2,0.04,0.05,139.0,4221,33.939,0.027,0.014,-0.038,0.008,130.03
2022-12-30,2,0.03,0.04,140.0,8212,35.556,0.021,0.011,-0.032,0.007,130.03
2022-12-30,2,0.02,0.03,141.0,1138,36.636,0.015,0.008,-0.025,0.005,130.03
2022-12-30,2,0.01,0.02,142.0,5353,36.937,0.01,0.005,-0.017,0.003,130.03
2022-12-30,2,0.01,0.02,143.0,680,36.939,0.006,0.003,-0.011,0.002,130.03
2022-12-30,2,0.01,0.02,144.0,636,36.933,0.003,0.002,-0.006,0.001,130.03
2022-12-30,2,0.01,0.02,145.0,2743,36.926,0.002,0.001,-0.004,0.001,130.03
2023-01-06,9,30.05,30.45,100.0,0,63.405,0.994,0.001,-0.027,0.004,130.03
2023-01-06,9,25.05,25.4,105.0,2,55.626,0.99,0.002,-0.032,0.006,130.03
2023-01-06,9,20.1,20.5,110.0,2,49.332,0.98,0.004,-0.042,0.011,130.03
2023-01-06,9,15.2,15.6,115.0,163,44.337,0.954,0.01,-0.062,0.022,130.03
2023-01-06,9,10.55,10.9,120.0,172,39.961,0.891,0.021,-0.094,0.042,130.03
2023-01-06,9,9.65,10.0,121.0,207,39.116,0.872,0.024,-0.101,0.047,130.03
2023-01-06,9,8.8,9.1,122.0,48,38.598,0.847,0.028,-0.11,0.053,130.03
2023-01-06,9,7.95,8.15,123.0,75,38.083,0.819,0.031,-0.119,0.059,130.03
2023-01-06,9,7.15,7.35,124.0,68,37.44,0.788,0.035,-0.127,0.064,130.03
2023-01-06,9,6.4,6.55,125.0,401,36.862,0.753,0.039,-0.135,0.07,130.03
2023-01-06,9,5.65,5.8,126.0,93,36.415,0.713,0.042,-0.142,0.076,130.03
2023-01-06,9,4.95,5.1,127.0,760,35.965,0.67,0.045,-0.148,0.081,130.03
2023-01-06,9,4.35,4.45,128.0,176,35.532,0.624,0.048,-0.152,0.084,130.03
2023-01-06,9,3.7,3.8,129.0,1642,35.192,0.575,0.05,-0.154,0.087,130.03
2023-01-06,9,3.15,3.25,130.0,4302,34.798,0.524,0.051,-0.154,0.089,130.03
2023-01-06,9,2.68,2.71,131.0,2806,34.399,0.472,0.052,-0.151,0.088,130.03
2023-01-06,9,2.22,2.26,132.0,4645,34.03,0.42,0.052,-0.146,0.087,130.03
2023-01-06,9,1.82,1.85,133.0,1992,33.639,0.369,0.05,-0.139,0.084,130.03
2023-01-06,9,1.43,1.5,134.0,2339,33.045,0.317,0.049,-0.129,0.079,130.03
2023-01-06,9,1.18,1.2,135.0,8149,33.041,0.272,0.045,-0.119,0.074,130.03
2023-01-06,9,0.91,0.95,136.0,2224,32.636,0.227,0.042,-0.107,0.067,130.03
2023-01-06,9,0.7,0.74,137.0,1991,32.34,0.187,0.037,-0.094,0.06,130.03
2023-01-06,9,0.54,0.57,138.0,1204,32.178,0.153,0.033,-0.082,0.052,130.03
2023-01-06,9,0.42,0.44,139.0,1278,32.201,0.124,0.029,-0.071,0.046,130.03
2023-01-06,9,0.33,0.34,140.0,4523,32.358,0.101,0.024,-0.061,0.039,130.03
2023-01-06,9,0.25,0.26,141.0,631,32.389,0.08,0.021,-0.052,0.033,130.03
2023-01-06,9,0.19,0.2,142.0,1448,32.522,0.063,0.017,-0.043,0.028,130.03
2023-01-06,9,0.15,0.16,143.0,696,32.953,0.051,0.014,-0.037,0.023,130.03
2023-01-06,9,0.11,0.13,144.0,2176,33.222,0.041,0.012,-0.031,0.02,130.03
2023-01-06,9,0.09,0.1,145.0,1246,33.636,0.033,0.01,-0.026,0.016,130.03
2023-01-13,16,45.1,45.5,85.0,0,74.701,0.997,0.001,-0.019,0.003,130.03
2023-01-13,16,40.1,40.55,90.0,1,66.87,0.995,0.001,-0.021,0.004,130.03
2023-01-13,16,35.15,35.5,95.0,0,62.421,0.991,0.001,-0.026,0.007,130.03
2023-01-13,16,30.15,30.65,100.0,0,57.586,0.985,0.002,-0.033,0.011,130.03
2023-01-13,16,25.3,25.7,105.0,2,52.531,0.973,0.004,-0.041,0.018,130.03
2023-01-13,16,20.45,20.8,110.0,3,47.749,0.953,0.007,-0.054,0.028,130.03
2023-01-13,16,15.7,16.05,115.0,2,43.822,0.912,0.013,-0.072,0.046,130.03
2023-01-13,16,11.3,11.5,120.0,4,40.965,0.833,0.021,-0.097,0.072,130.03
2023-01-13,16,8.15,8.35,124.0,1,39.25,0.733,0.029,-0.117,0.094,130.03
2023-01-13,16,7.45,7.7,125.0,18,38.877,0.704,0.031,-0.121,0.099,130.03
2023-01-13,16,6.75,6.95,126.0,6,38.406,0.672,0.033,-0.124,0.103,130.03
2023-01-13,16,6.05,6.25,127.0,29,38.11,0.638,0.034,-0.127,0.107,130.03
2023-01-13,16,5.45,5.65,128.0,29,37.775,0.603,0.036,-0.129,0.11,130.03
2023-01-13,16,4.9,5.0,129.0,1356,37.35,0.567,0.037,-0.129,0.113,130.03
2023-01-13,16,4.35,4.45,130.0,1535,37.045,0.53,0.038,-0.129,0.114,130.03
2023-01-13,16,3.8,3.95,131.0,440,36.579,0.492,0.038,-0.127,0.114,130.03
2023-01-13,16,3.35,3.45,132.0,333,36.272,0.454,0.038,-0.124,0.113,130.03
2023-01-13,16,2.88,2.97,133.0,368,35.626,0.415,0.038,-0.12,0.112,130.03
2023-01-13,16,2.47,2.56,134.0,1371,35.213,0.376,0.038,-0.115,0.109,130.03
2023-01-13,16,2.14,2.19,135.0,1455,35.009,0.339,0.037,-0.11,0.105,130.03
2023-01-13,16,1.83,1.87,136.0,450,34.799,0.304,0.035,-0.104,0.1,130.03
2023-01-13,16,1.52,1.57,137.0,792,34.332,0.268,0.034,-0.096,0.094,130.03
2023-01-13,16,1.27,1.32,138.0,491,34.084,0.235,0.032,-0.089,0.088,130.03
2023-01-13,16,1.05,1.1,139.0,287,33.823,0.205,0.029,-0.081,0.081,130.03
2023-01-13,16,0.89,0.92,140.0,1654,33.842,0.179,0.027,-0.075,0.075,130.03
2023-01-13,16,0.71,0.76,141.0,432,33.551,0.153,0.025,-0.067,0.067,130.03
2023-01-13,16,0.61,0.63,142.0,248,33.677,0.132,0.022,-0.061,0.061,130.03
2023-01-13,16,0.48,0.52,143.0,191,33.492,0.111,0.02,-0.053,0.054,130.03
2023-01-13,16,0.4,0.44,144.0,462,33.666,0.096,0.018,-0.048,0.049,130.03
2023-01-13,16,0.34,0.36,145.0,346,33.822,0.082,0.016,-0.043,0.043,130.03
2023-01-20,23,30.25,30.75,100.0,855,53.543,0.976,0.003,-0.034,0.019,130.03
2023-01-20,23,25.45,25.9,105.0,274,49.065,0.961,0.005,-0.042,0.028,130.03
2023-01-20,23,20.65,20.95,110.0,21,45.14,0.935,0.008,-0.053,0.043,130.03
2023-01-20,23,16.1,16.35,115.0,255,42.034,0.887,0.014,-0.069,0.065,130.03
2023-01-20,23,11.85,12.0,120.0,169,39.385,0.807,0.021,-0.086,0.093,130.03
2023-01-20,23,11.05,11.2,121.0,41,39.149,0.786,0.022,-0.091,0.099,130.03
2023-01-20,23,10.25,10.45,122.0,41,38.792,0.763,0.024,-0.094,0.104,130.03
2023-01-20,23,9.5,9.65,123.0,55,38.23,0.74,0.025,-0.097,0.11,130.03
2023-01-20,23,8.75,8.95,124.0,22,37.935,0.714,0.027,-0.1,0.115,130.03
2023-01-20,23,8.05,8.25,125.0,230,37.559,0.687,0.028,-0.102,0.12,130.03
2023-01-20,23,7.4,7.55,126.0,20,37.411,0.658,0.029,-0.105,0.124,130.03
2023-01-20,23,6.75,6.9,127.0,34,37.066,0.628,0.03,-0.106,0.128,130.03
2023-01-20,23,6.15,6.3,128.0,346,36.497,0.598,0.031,-0.106,0.131,130.03
2023-01-20,23,5.55,5.7,129.0,889,36.267,0.566,0.032,-0.107,0.133,130.03
2023-01-20,23,5.0,5.15,130.0,8867,35.985,0.534,0.033,-0.107,0.134,130.03
2023-01-20,23,4.5,4.6,131.0,1001,35.624,0.501,0.033,-0.106,0.135,130.03
2023-01-20,23,4.0,4.1,132.0,445,35.224,0.467,0.033,-0.104,0.134,130.03
2023-01-20,23,3.5,3.65,133.0,783,34.763,0.433,0.033,-0.101,0.133,130.03
2023-01-20,23,3.1,3.2,134.0,1733,34.426,0.4,0.033,-0.098,0.131,130.03
2023-01-20,23,2.73,2.78,135.0,6355,34.064,0.366,0.033,-0.094,0.127,130.03
2023-01-20,23,2.31,2.42,136.0,616,33.475,0.332,0.032,-0.089,0.123,130.03
2023-01-20,23,2.03,2.09,137.0,602,33.312,0.301,0.031,-0.084,0.118,130.03
2023-01-20,23,1.76,1.8,138.0,691,33.108,0.271,0.03,-0.08,0.112,130.03
2023-01-20,23,1.5,1.54,139.0,775,32.822,0.242,0.028,-0.074,0.106,130.03
2023-01-20,23,1.3,1.32,140.0,11990,32.755,0.216,0.026,-0.069,0.099,130.03
2023-01-20,23,1.08,1.12,141.0,809,32.43,0.19,0.025,-0.063,0.092,130.03
2023-01-20,23,0.87,0.95,142.0,1273,32.038,0.165,0.023,-0.057,0.084,130.03
2023-01-20,23,0.77,0.8,143.0,1567,32.168,0.146,0.021,-0.053,0.077,130.03
2023-01-20,23,0.65,0.68,144.0,659,32.147,0.127,0.019,-0.048,0.07,130.03
2023-01-20,23,0.54,0.57,145.0,12863,32.033,0.11,0.017,-0.043,0.064,130.03
2023-01-27,30,45.05,46.15,85.0,0,63.626,0.99,0.001,-0.016,0.009,130.03
2023-01-27,30,40.1,41.1,90.0,0,58.635,0.986,0.001,-0.019,0.013,130.03
2023-01-27,30,35.15,36.3,95.0,0,55.48,0.977,0.002,-0.025,0.02,130.03
2023-01-27,30,30.3,31.45,100.0,9,51.063,0.966,0.004,-0.031,0.028,130.03
2023-01-27,30,25.5,26.6,105.0,0,47.62,0.946,0.006,-0.04,0.041,130.03
2023-01-27,30,21.0,21.8,110.0,4,45.459,0.909,0.009,-0.053,0.062,130.03
2023-01-27,30,16.4,17.35,115.0,8,42.243,0.858,0.014,-0.066,0.086,130.03
2023-01-27,30,12.35,13.15,120.0,23,40.135,0.777,0.019,-0.08,0.114,130.03
2023-01-27,30,9.55,10.1,124.0,5,39.025,0.69,0.024,-0.09,0.135,130.03
2023-01-27,30,8.75,9.3,125.0,68,38.346,0.667,0.025,-0.091,0.139,130.03
2023-01-27,30,8.15,8.65,126.0,10,38.016,0.642,0.026,-0.093,0.143,130.03
2023-01-27,30,7.5,8.05,127.0,11,37.834,0.615,0.026,-0.094,0.146,130.03
2023-01-27,30,6.85,7.3,128.0,89,37.475,0.588,0.027,-0.094,0.149,130.03
2023-01-27,30,6.35,6.75,129.0,73,36.942,0.561,0.028,-0.094,0.151,130.03
2023-01-27,30,5.85,6.1,130.0,420,36.451,0.533,0.028,-0.093,0.152,130.03
2023-01-27,30,5.1,5.6,131.0,104,36.694,0.505,0.028,-0.094,0.153,130.03
2023-01-27,30,4.75,5.1,132.0,144,36.681,0.477,0.028,-0.094,0.152,130.03
2023-01-27,30,4.1,4.6,133.0,191,36.487,0.449,0.028,-0.092,0.151,130.03
2023-01-27,30,3.9,4.15,134.0,56,36.391,0.421,0.028,-0.091,0.15,130.03
2023-01-27,30,3.55,3.7,135.0,842,36.114,0.393,0.028,-0.088,0.147,130.03
2023-01-27,30,3.05,3.35,136.0,195,35.647,0.364,0.027,-0.085,0.144,130.03
2023-01-27,30,2.73,2.96,137.0,126,35.248,0.336,0.027,-0.082,0.14,130.03
2023-01-27,30,2.4,2.63,138.0,201,34.925,0.309,0.026,-0.078,0.135,130.03
2023-01-27,30,2.15,2.32,139.0,137,34.782,0.284,0.025,-0.074,0.13,130.03
2023-01-27,30,1.93,1.98,140.0,641,34.449,0.258,0.024,-0.07,0.124,130.03
2023-01-27,30,1.59,1.8,141.0,38,34.071,0.233,0.023,-0.066,0.117,130.03
2023-01-27,30,1.38,1.57,142.0,140,33.832,0.211,0.022,-0.061,0.11,130.03
2023-01-27,30,1.19,1.35,143.0,384,33.527,0.188,0.021,-0.057,0.103,130.03
2023-01-27,30,1.03,1.19,144.0,71,33.465,0.17,0.02,-0.053,0.097,130.03
2023-01-27,30,0.87,1.02,145.0,344,33.296,0.151,0.018,-0.049,0.09,130.03
2023-02-03,37,45.1,46.3,85.0,0,61.989,0.987,0.001,-0.021,0.014,130.03
2023-02-03,37,40.2,41.3,90.0,0,57.295,0.982,0.002,-0.025,0.019,130.03
2023-02-03,37,35.1,36.65,95.0,0,53.714,0.972,0.003,-0.03,0.027,130.03
2023-02-03,37,30.15,31.55,100.0,0,51.221,0.954,0.004,-0.038,0.041,130.03
2023-02-03,37,25.5,27.0,105.0,0,47.615,0.932,0.007,-0.046,0.056,130.03
2023-02-03,37,21.2,22.35,110.0,0,45.268,0.893,0.01,-0.057,0.078,130.03
2023-02-03,37,16.8,18.05,115.0,0,43.103,0.836,0.014,-0.069,0.104,130.03
2023-02-03,37,13.0,13.55,120.0,1,41.906,0.755,0.018,-0.082,0.133,130.03
2023-02-03,37,10.3,10.65,124.0,2,40.644,0.678,0.021,-0.089,0.152,130.03
2023-02-03,37,9.65,10.05,125.0,14,40.383,0.656,0.022,-0.091,0.156,130.03
2023-02-03,37,9.0,9.35,126.0,89,39.99,0.634,0.022,-0.091,0.159,130.03
2023-02-03,37,8.25,8.85,127.0,9,39.743,0.612,0.023,-0.092,0.162,130.03
2023-02-03,37,7.2,8.15,128.0,2,39.507,0.589,0.023,-0.093,0.165,130.03
2023-02-03,37,7.2,7.55,129.0,123,39.133,0.565,0.024,-0.092,0.167,130.03
2023-02-03,37,6.65,7.05,130.0,376,38.624,0.541,0.024,-0.092,0.168,130.03
2023-02-03,37,6.1,6.5,131.0,122,38.298,0.516,0.025,-0.091,0.169,130.03
2023-02-03,37,5.5,6.0,132.0,180,37.824,0.491,0.025,-0.09,0.169,130.03
2023-02-03,37,5.1,5.5,133.0,31,37.44,0.466,0.025,-0.088,0.168,130.03
2023-02-03,37,4.45,5.0,134.0,35,36.909,0.44,0.025,-0.086,0.167,130.03
2023-02-03,37,4.25,4.6,135.0,269,36.808,0.416,0.025,-0.085,0.165,130.03
2023-02-03,37,3.8,4.15,136.0,23,36.562,0.391,0.025,-0.083,0.162,130.03
2023-02-03,37,3.4,3.8,137.0,13,36.241,0.366,0.025,-0.08,0.159,130.03
2023-02-03,37,3.1,3.45,138.0,19,36.048,0.342,0.024,-0.078,0.155,130.03
2023-02-03,37,2.74,3.1,139.0,22,35.703,0.318,0.024,-0.074,0.151,130.03
2023-02-03,37,2.4,2.78,140.0,153,35.228,0.293,0.023,-0.071,0.145,130.03
2023-02-03,37,2.21,2.47,141.0,21,35.183,0.272,0.022,-0.068,0.14,130.03
2023-02-03,37,2.0,2.2,142.0,290,35.068,0.251,0.021,-0.065,0.135,130.03
2023-02-03,37,1.69,1.98,143.0,65,34.956,0.231,0.021,-0.062,0.129,130.03
2023-02-03,37,1.62,1.76,144.0,374,34.752,0.211,0.02,-0.058,0.122,130.03
2023-02-03,37,1.3,1.54,145.0,303,34.386,0.191,0.019,-0.054,0.115,130.03
2023-02-17,51,70.2,70.55,60.0,0,78.125,0.996,0.0,-0.007,0.004,130.03
2023-02-17,51,65.2,65.65,65.0,0,74.252,0.994,0.0,-0.009,0.006,130.03
2023-02-17,51,60.3,60.7,70.0,0,69.503,0.992,0.001,-0.011,0.009,130.03
2023-02-17,51,55.35,55.7,75.0,0,66.06,0.989,0.001,-0.014,0.013,130.03
2023-02-17,51,50.4,50.8,80.0,16,62.272,0.984,0.001,-0.017,0.018,130.03
2023-02-17,51,45.5,45.95,85.0,13,58.818,0.978,0.002,-0.02,0.025,130.03
2023-02-17,51,40.65,41.1,90.0,254,55.575,0.968,0.003,-0.025,0.034,130.03
2023-02-17,51,35.85,36.2,95.0,66,52.385,0.954,0.004,-0.031,0.046,130.03
2023-02-17,51,31.15,31.45,100.0,13,49.679,0.933,0.005,-0.038,0.063,130.03
2023-02-17,51,26.6,26.95,105.0,23,47.49,0.903,0.007,-0.046,0.084,130.03
2023-02-17,51,22.2,22.55,110.0,171,45.485,0.86,0.01,-0.055,0.109,130.03
2023-02-17,51,18.0,18.35,115.0,155,43.406,0.804,0.013,-0.064,0.136,130.03
2023-02-17,51,14.2,14.55,120.0,877,41.65,0.731,0.016,-0.072,0.162,130.03
2023-02-17,51,10.8,10.95,125.0,748,40.044,0.643,0.019,-0.077,0.184,130.03
2023-02-17,51,7.85,7.95,130.0,18925,38.404,0.543,0.021,-0.077,0.195,130.03
2023-02-17,51,5.35,5.45,135.0,2491,36.712,0.435,0.022,-0.073,0.194,130.03
2023-02-17,51,3.4,3.5,140.0,2723,35.061,0.326,0.021,-0.063,0.178,130.03
2023-02-17,51,2.07,2.13,145.0,1238,33.951,0.229,0.018,-0.051,0.15,130.03
2023-02-17,51,1.22,1.25,150.0,3198,33.313,0.153,0.014,-0.039,0.116,130.03
2023-02-17,51,0.68,0.71,155.0,934,32.842,0.096,0.01,-0.027,0.084,130.03
2023-02-17,51,0.4,0.41,160.0,1186,33.0,0.06,0.007,-0.019,0.059,130.03
2023-02-17,51,0.24,0.25,165.0,954,33.51,0.039,0.005,-0.014,0.041,130.03
2023-02-17,51,0.15,0.16,170.0,272,34.266,0.025,0.003,-0.01,0.029,130.03
2023-02-17,51,0.1,0.11,175.0,314,35.3,0.017,0.002,-0.007,0.021,130.03
2023-02-17,51,0.07,0.08,180.0,390,36.479,0.013,0.002,-0.006,0.016,130.03
2023-02-17,51,0.05,0.06,185.0,708,37.661,0.009,0.001,-0.004,0.012,130.03
2023-02-17,51,0.03,0.05,190.0,825,38.933,0.007,0.001,-0.004,0.01,130.03
2023-02-17,51,0.03,0.04,195.0,49,40.307,0.006,0.001,-0.003,0.008,130.03
2023-02-17,51,0.02,0.04,200.0,8,41.327,0.004,0.001,-0.002,0.006,130.03
2023-02-17,51,0.01,0.02,205.0,13,41.84,0.003,0.0,-0.002,0.004,130.03
2023-03-17,79,70.35,70.75,60.0,0,68.523,0.993,0.0,-0.008,0.009,130.03
2023-03-17,79,65.4,65.9,65.0,0,65.637,0.99,0.001,-0.01,0.013,130.03
2023-03-17,79,60.55,60.95,70.0,4,62.427,0.987,0.001,-0.012,0.018,130.03
2023-03-17,79,55.6,56.15,75.0,20,59.186,0.982,0.001,-0.015,0.024,130.03
2023-03-17,79,50.8,51.2,80.0,5,56.286,0.975,0.002,-0.018,0.033,130.03
2023-03-17,79,46.05,46.45,85.0,0,53.489,0.966,0.002,-0.022,0.044,130.03
2023-03-17,79,41.2,41.7,90.0,2,50.837,0.953,0.003,-0.026,0.058,130.03
2023-03-17,79,36.55,36.95,95.0,0,48.474,0.935,0.004,-0.031,0.076,130.03
2023-03-17,79,32.05,32.3,100.0,89,46.444,0.91,0.006,-0.036,0.098,130.03
2023-03-17,79,27.6,27.85,105.0,17,44.499,0.877,0.007,-0.042,0.123,130.03
2023-03-17,79,23.35,23.6,110.0,57,42.851,0.833,0.009,-0.048,0.152,130.03
2023-03-17,79,19.4,19.55,115.0,18,41.118,0.779,0.012,-0.054,0.18,130.03
2023-03-17,79,15.65,16.05,120.0,74,39.507,0.714,0.014,-0.058,0.207,130.03
2023-03-17,79,12.35,12.5,125.0,236,38.076,0.638,0.016,-0.061,0.228,130.03
2023-03-17,79,9.45,9.55,130.0,1027,36.684,0.553,0.018,-0.061,0.241,130.03
2023-03-17,79,6.85,7.0,135.0,768,35.321,0.462,0.018,-0.058,0.242,130.03
2023-03-17,79,4.8,4.95,140.0,1866,34.082,0.37,0.018,-0.053,0.23,130.03
2023-03-17,79,3.2,3.35,145.0,616,32.928,0.283,0.017,-0.046,0.206,130.03
2023-03-17,79,2.11,2.19,150.0,1028,32.205,0.208,0.015,-0.037,0.175,130.03
2023-03-17,79,1.34,1.4,155.0,653,31.66,0.147,0.012,-0.029,0.14,130.03
2023-03-17,79,0.84,0.89,160.0,1061,31.393,0.101,0.009,-0.022,0.108,130.03
2023-03-17,79,0.54,0.57,165.0,377,31.454,0.069,0.007,-0.017,0.081,130.03
2023-03-17,79,0.34,0.37,170.0,639,31.592,0.047,0.005,-0.012,0.06,130.03
2023-03-17,79,0.23,0.25,175.0,389,32.08,0.033,0.004,-0.009,0.045,130.03
2023-03-17,79,0.16,0.17,180.0,558,32.636,0.023,0.003,-0.007,0.034,130.03
2023-03-17,79,0.12,0.14,185.0,200,33.599,0.018,0.002,-0.006,0.027,130.03
2023-03-17,79,0.08,0.09,190.0,16,34.006,0.012,0.002,-0.004,0.02,130.03
2023-03-17,79,0.06,0.07,195.0,105,34.832,0.01,0.001,-0.003,0.016,130.03
2023-03-17,79,0.05,0.07,200.0,269,36.18,0.008,0.001,-0.003,0.014,130.03
2023-03-17,79,0.03,0.05,210.0,36,38.369,0.006,0.001,-0.002,0.01,130.03
2023-04-21,114,80.4,81.0,50.0,6,69.942,0.994,0.0,-0.007,0.009,130.03
2023-04-21,114,70.65,71.2,60.0,1,62.545,0.99,0.0,-0.01,0.016,130.03
2023-04-21,114,60.95,61.5,70.0,0,57.139,0.981,0.001,-0.014,0.03,130.03
2023-04-21,114,56.1,56.7,75.0,2,54.679,0.974,0.001,-0.016,0.041,130.03
2023-04-21,114,51.35,51.95,80.0,0,52.058,0.966,0.002,-0.019,0.053,130.03
2023-04-21,114,46.65,47.2,85.0,0,50.007,0.953,0.003,-0.023,0.069,130.03
2023-04-21,114,41.95,42.5,90.0,9,48.129,0.936,0.003,-0.027,0.089,130.03
2023-04-21,114,37.55,37.8,95.0,41,45.957,0.916,0.004,-0.03,0.11,130.03
2023-04-21,114,33.1,33.55,100.0,30,44.387,0.888,0.006,-0.035,0.137,130.03
2023-04-21,114,28.85,29.1,105.0,33,42.676,0.855,0.007,-0.039,0.165,130.03
2023-04-21,114,24.7,25.2,110.0,17,41.143,0.813,0.009,-0.043,0.195,130.03
2023-04-21,114,20.95,21.3,115.0,2,39.747,0.762,0.011,-0.047,0.225,130.03
2023-04-21,114,17.25,17.6,120.0,116,38.317,0.704,0.012,-0.05,0.252,130.03
2023-04-21,114,14.15,14.35,125.0,28,37.089,0.637,0.014,-0.051,0.273,130.03
2023-04-21,114,11.2,11.45,130.0,388,35.816,0.565,0.015,-0.051,0.287,130.03
2023-04-21,114,8.65,8.8,135.0,502,34.838,0.488,0.016,-0.05,0.291,130.03
2023-04-21,114,6.45,6.6,140.0,333,33.612,0.409,0.016,-0.046,0.284,130.03
2023-04-21,114,4.7,4.85,145.0,645,32.688,0.333,0.015,-0.042,0.266,130.03
2023-04-21,114,3.3,3.45,150.0,1269,31.782,0.262,0.014,-0.036,0.238,130.03
2023-04-21,114,2.32,2.41,155.0,215,31.239,0.201,0.012,-0.03,0.205,130.03
2023-04-21,114,1.59,1.7,160.0,328,30.921,0.151,0.01,-0.025,0.171,130.03
2023-04-21,114,1.06,1.17,165.0,296,30.589,0.111,0.008,-0.02,0.138,130.03
2023-04-21,114,0.73,0.78,170.0,264,30.425,0.08,0.007,-0.015,0.109,130.03
2023-04-21,114,0.5,0.54,175.0,73,30.477,0.058,0.005,-0.012,0.085,130.03
2023-04-21,114,0.35,0.38,180.0,129,30.682,0.042,0.004,-0.009,0.066,130.03
2023-04-21,114,0.24,0.28,185.0,51,30.97,0.031,0.003,-0.007,0.052,130.03
2023-04-21,114,0.17,0.21,190.0,81,31.369,0.023,0.002,-0.006,0.04,130.03
2023-04-21,114,0.12,0.16,195.0,3,31.776,0.018,0.002,-0.005,0.032,130.03
2023-04-21,114,0.09,0.12,200.0,1,32.227,0.013,0.001,-0.004,0.025,130.03
2023-04-21,114,0.05,0.1,205.0,6,32.451,0.01,0.001,-0.003,0.019,130.03
2023-05-19,142,70.8,71.45,60.0,0,60.127,0.985,0.001,-0.01,0.024,130.03
2023-05-19,142,66.0,66.6,65.0,2,57.756,0.981,0.001,-0.012,0.033,130.03
2023-05-19,142,61.25,61.8,70.0,2,55.449,0.974,0.001,-0.014,0.044,130.03
2023-05-19,142,56.45,57.1,75.0,2,53.253,0.965,0.002,-0.017,0.057,130.03
2023-05-19,142,51.8,52.35,80.0,2,51.217,0.954,0.002,-0.02,0.074,130.03
2023-05-19,142,47.15,47.7,85.0,284,49.265,0.94,0.003,-0.023,0.093,130.03
2023-05-19,142,42.65,43.2,90.0,171,47.471,0.922,0.004,-0.026,0.116,130.03
2023-05-19,142,38.3,38.65,95.0,77,45.829,0.898,0.005,-0.03,0.141,130.03
2023-05-19,142,34.0,34.4,100.0,93,44.22,0.87,0.006,-0.034,0.169,130.03
2023-05-19,142,29.9,30.15,105.0,51,42.648,0.836,0.007,-0.037,0.199,130.03
2023-05-19,142,25.9,26.2,110.0,310,41.364,0.795,0.008,-0.041,0.229,130.03
2023-05-19,142,22.2,22.5,115.0,30,39.933,0.748,0.01,-0.043,0.258,130.03
2023-05-19,142,18.75,19.0,120.0,30,38.738,0.695,0.011,-0.046,0.284,130.03
2023-05-19,142,15.65,15.8,125.0,28,37.549,0.635,0.012,-0.047,0.305,130.03
2023-05-19,142,12.7,12.9,130.0,111,36.44,0.571,0.013,-0.047,0.319,130.03
2023-05-19,142,10.15,10.35,135.0,618,35.569,0.503,0.014,-0.046,0.324,130.03
2023-05-19,142,7.9,8.1,140.0,258,34.445,0.434,0.014,-0.043,0.32,130.03
2023-05-19,142,6.05,6.25,145.0,175,33.58,0.366,0.014,-0.04,0.306,130.03
2023-05-19,142,4.55,4.7,150.0,144,32.782,0.302,0.013,-0.036,0.284,130.03
2023-05-19,142,3.35,3.5,155.0,60,32.147,0.243,0.012,-0.031,0.255,130.03
2023-05-19,142,2.45,2.55,160.0,67,31.635,0.192,0.011,-0.027,0.222,130.03
2023-05-19,142,1.78,1.86,165.0,47,31.322,0.15,0.009,-0.023,0.19,130.03
2023-05-19,142,1.29,1.35,170.0,50,31.128,0.115,0.008,-0.019,0.159,130.03
2023-05-19,142,0.93,1.03,175.0,32,31.211,0.09,0.006,-0.015,0.132,130.03
2023-05-19,142,0.67,0.77,180.0,39,31.257,0.069,0.005,-0.013,0.108,130.03
2023-05-19,142,0.49,0.58,185.0,158,31.404,0.053,0.004,-0.01,0.088,130.03
2023-05-19,142,0.33,0.44,190.0,55,31.384,0.04,0.003,-0.008,0.07,130.03
2023-05-19,142,0.28,0.31,195.0,21,31.714,0.031,0.003,-0.007,0.057,130.03
2023-05-19,142,0.19,0.24,200.0,2,31.783,0.024,0.002,-0.005,0.045,130.03
2023-05-19,142,0.14,0.19,205.0,0,32.091,0.018,0.002,-0.004,0.037,130.03
2023-06-16,170,71.0,71.7,60.0,0,57.804,0.982,0.001,-0.01,0.032,130.03
2023-06-16,170,66.2,66.95,65.0,2,55.127,0.977,0.001,-0.012,0.041,130.03
2023-06-16,170,61.5,62.2,70.0,0,53.465,0.969,0.001,-0.014,0.056,130.03
2023-06-16,170,56.8,57.5,75.0,0,51.561,0.96,0.002,-0.017,0.072,130.03
2023-06-16,170,52.25,52.9,80.0,0,49.955,0.947,0.002,-0.02,0.092,130.03
2023-06-16,170,47.7,48.3,85.0,0,48.086,0.931,0.003,-0.023,0.113,130.03
2023-06-16,170,43.35,43.95,90.0,0,46.402,0.912,0.004,-0.026,0.138,130.03
2023-06-16,170,39.0,39.55,95.0,0,44.889,0.888,0.005,-0.029,0.165,130.03
2023-06-16,170,34.85,35.4,100.0,49,43.361,0.86,0.006,-0.032,0.195,130.03
2023-06-16,170,30.8,31.25,105.0,781,41.964,0.826,0.007,-0.035,0.225,130.03
2023-06-16,170,26.9,27.3,110.0,7,40.686,0.787,0.008,-0.038,0.256,130.03
2023-06-16,170,23.25,23.6,115.0,9,39.495,0.742,0.009,-0.04,0.285,130.03
2023-06-16,170,19.95,20.2,120.0,22,38.374,0.692,0.01,-0.042,0.311,130.03
2023-06-16,170,16.8,17.0,125.0,119,37.166,0.637,0.011,-0.043,0.333,130.03
2023-06-16,170,14.0,14.15,130.0,2995,36.176,0.577,0.012,-0.043,0.347,130.03
2023-06-16,170,11.4,11.55,135.0,793,35.494,0.516,0.013,-0.042,0.354,130.03
2023-06-16,170,9.15,9.3,140.0,515,34.549,0.453,0.013,-0.041,0.352,130.03
2023-06-16,170,7.25,7.45,145.0,768,33.86,0.391,0.013,-0.038,0.341,130.03
2023-06-16,170,5.6,5.75,150.0,829,32.94,0.33,0.012,-0.035,0.322,130.03
2023-06-16,170,4.25,4.45,155.0,553,32.286,0.274,0.012,-0.031,0.296,130.03
2023-06-16,170,3.2,3.4,160.0,464,31.77,0.224,0.011,-0.027,0.266,130.03
2023-06-16,170,2.43,2.53,165.0,379,31.359,0.18,0.009,-0.024,0.234,130.03
2023-06-16,170,1.82,1.91,170.0,411,31.114,0.144,0.008,-0.02,0.202,130.03
2023-06-16,170,1.37,1.48,175.0,229,31.106,0.115,0.007,-0.017,0.173,130.03
2023-06-16,170,1.02,1.1,180.0,2638,30.945,0.09,0.006,-0.014,0.145,130.03
2023-06-16,170,0.77,0.82,185.0,91,30.906,0.071,0.005,-0.012,0.12,130.03
2023-06-16,170,0.59,0.65,190.0,430,31.141,0.057,0.004,-0.01,0.101,130.03
2023-06-16,170,0.45,0.49,195.0,21,31.205,0.044,0.003,-0.008,0.084,130.03
2023-06-16,170,0.35,0.39,200.0,80,31.478,0.036,0.003,-0.007,0.07,130.03
2023-06-16,170,0.19,0.25,210.0,17,31.779,0.022,0.002,-0.005,0.047,130.03
2023-07-21,205,71.25,72.15,60.0,0,55.032,0.979,0.001,-0.01,0.04,130.03
2023-07-21,205,66.55,67.4,65.0,0,52.912,0.972,0.001,-0.012,0.053,130.03
2023-07-21,205,61.9,62.7,70.0,0,51.049,0.964,0.001,-0.014,0.069,130.03
2023-07-21,205,57.3,58.2,75.0,0,49.292,0.954,0.002,-0.016,0.087,130.03
2023-07-21,205,52.8,53.5,80.0,0,47.656,0.94,0.002,-0.019,0.109,130.03
2023-07-21,205,48.45,49.05,85.0,0,46.347,0.923,0.003,-0.022,0.134,130.03
2023-07-21,205,44.1,44.75,90.0,31,44.885,0.903,0.004,-0.024,0.162,130.03
2023-07-21,205,39.9,40.45,95.0,0,43.424,0.879,0.005,-0.027,0.191,130.03
2023-07-21,205,35.75,36.25,100.0,14,42.144,0.851,0.006,-0.03,0.222,130.03
2023-07-21,205,31.85,32.4,105.0,0,40.892,0.818,0.006,-0.032,0.254,130.03
2023-07-21,205,28.1,28.4,110.0,23,39.664,0.78,0.008,-0.035,0.286,130.03
2023-07-21,205,24.5,24.8,115.0,5,38.55,0.737,0.009,-0.037,0.315,130.03
2023-07-21,205,21.15,21.5,120.0,71,37.536,0.69,0.01,-0.038,0.342,130.03
2023-07-21,205,18.05,18.4,125.0,104,36.48,0.638,0.01,-0.039,0.364,130.03
2023-07-21,205,15.25,15.45,130.0,77,35.537,0.583,0.011,-0.039,0.379,130.03
2023-07-21,205,12.7,12.9,135.0,73,35.301,0.527,0.011,-0.039,0.387,130.03
2023-07-21,205,10.4,10.6,140.0,216,34.362,0.47,0.012,-0.037,0.387,130.03
2023-07-21,205,8.4,8.6,145.0,141,33.526,0.412,0.012,-0.035,0.379,130.03
2023-07-21,205,6.65,6.9,150.0,135,32.738,0.355,0.012,-0.033,0.363,130.03
2023-07-21,205,5.25,5.45,155.0,73,32.105,0.302,0.011,-0.03,0.34,130.03
2023-07-21,205,4.05,4.3,160.0,84,31.55,0.253,0.01,-0.027,0.312,130.03
2023-07-21,205,3.05,3.35,165.0,2,30.986,0.208,0.009,-0.023,0.28,130.03
2023-07-21,205,2.43,2.56,170.0,22,30.778,0.171,0.008,-0.021,0.248,130.03
2023-07-21,205,1.85,1.97,175.0,61,30.495,0.139,0.007,-0.018,0.216,130.03
2023-07-21,205,1.45,1.51,180.0,117,30.402,0.113,0.006,-0.015,0.187,130.03
2023-07-21,205,1.11,1.17,185.0,53,30.315,0.091,0.005,-0.013,0.159,130.03
2023-07-21,205,0.85,0.9,190.0,54,30.247,0.072,0.005,-0.011,0.135,130.03
2023-07-21,205,0.66,0.71,195.0,1,30.33,0.059,0.004,-0.009,0.114,130.03
2023-07-21,205,0.51,0.56,200.0,53,30.406,0.047,0.003,-0.008,0.096,130.03
2023-07-21,205,0.4,0.46,205.0,4,30.637,0.039,0.003,-0.007,0.082,130.03
2023-09-15,261,62.55,63.5,70.0,5,48.938,0.955,0.002,-0.014,0.092,130.03
2023-09-15,261,58.05,58.9,75.0,2,47.47,0.943,0.002,-0.016,0.114,130.03
2023-09-15,261,53.4,54.45,80.0,0,46.257,0.928,0.003,-0.018,0.141,130.03
2023-09-15,261,49.3,50.15,85.0,3,44.677,0.911,0.003,-0.02,0.168,130.03
2023-09-15,261,45.2,45.75,90.0,1,43.395,0.89,0.004,-0.023,0.198,130.03
2023-09-15,261,40.95,42.1,95.0,26,42.308,0.865,0.004,-0.025,0.23,130.03
2023-09-15,261,37.2,37.55,100.0,19,41.069,0.838,0.005,-0.027,0.263,130.03
2023-09-15,261,33.3,33.7,105.0,21,39.951,0.806,0.006,-0.029,0.296,130.03
2023-09-15,261,29.7,30.1,110.0,1,38.948,0.77,0.007,-0.031,0.329,130.03
2023-09-15,261,26.2,26.75,115.0,60,37.921,0.731,0.008,-0.033,0.359,130.03
2023-09-15,261,23.0,23.35,120.0,3,37.028,0.687,0.009,-0.034,0.386,130.03
2023-09-15,261,19.95,20.35,125.0,16,36.27,0.641,0.009,-0.034,0.408,130.03
2023-09-15,261,17.2,17.5,130.0,175,35.308,0.592,0.01,-0.034,0.424,130.03
2023-09-15,261,14.7,14.95,135.0,115,35.314,0.543,0.01,-0.035,0.434,130.03
2023-09-15,261,12.25,12.7,140.0,34,34.402,0.492,0.01,-0.034,0.437,130.03
2023-09-15,261,10.4,10.65,145.0,43,33.891,0.442,0.011,-0.033,0.433,130.03
2023-09-15,261,8.6,8.8,150.0,54,33.158,0.391,0.01,-0.031,0.422,130.03
2023-09-15,261,7.05,7.35,155.0,177,32.693,0.344,0.01,-0.029,0.404,130.03
2023-09-15,261,5.7,5.9,160.0,103,31.974,0.297,0.01,-0.026,0.38,130.03
2023-09-15,261,4.6,4.8,165.0,45,31.547,0.255,0.009,-0.024,0.353,130.03
2023-09-15,261,3.7,3.9,170.0,798,31.224,0.218,0.009,-0.022,0.324,130.03
2023-09-15,261,2.99,3.15,175.0,90,30.991,0.185,0.008,-0.019,0.293,130.03
2023-09-15,261,2.38,2.51,180.0,134,30.696,0.155,0.007,-0.017,0.262,130.03
2023-09-15,261,1.88,2.02,185.0,227,30.49,0.129,0.006,-0.015,0.232,130.03
2023-09-15,261,1.49,1.61,190.0,503,30.315,0.107,0.006,-0.013,0.203,130.03
2023-09-15,261,1.18,1.29,195.0,43,30.202,0.089,0.005,-0.011,0.177,130.03
2023-09-15,261,0.95,1.05,200.0,14,30.225,0.074,0.004,-0.01,0.154,130.03
2023-09-15,261,0.73,0.84,205.0,3,30.071,0.06,0.004,-0.008,0.132,130.03
2023-09-15,261,0.61,0.69,210.0,5,30.247,0.051,0.003,-0.007,0.115,130.03
2023-09-15,261,0.39,0.49,220.0,36,30.501,0.036,0.002,-0.005,0.087,130.03
2023-10-20,296,63.0,64.05,70.0,2,47.863,0.951,0.002,-0.014,0.105,130.03
2023-10-20,296,58.65,59.65,75.0,0,46.653,0.938,0.002,-0.016,0.131,130.03
2023-10-20,296,54.3,55.35,80.0,0,45.244,0.924,0.003,-0.018,0.157,130.03
2023-10-20,296,50.0,51.0,85.0,0,44.0,0.906,0.003,-0.02,0.187,130.03
2023-10-20,296,46.0,46.5,90.0,0,42.743,0.885,0.004,-0.022,0.218,130.03
2023-10-20,296,41.95,42.8,95.0,0,41.595,0.861,0.004,-0.024,0.251,130.03
2023-10-20,296,38.05,38.55,100.0,2,40.621,0.833,0.005,-0.026,0.286,130.03
2023-10-20,296,34.15,34.95,105.0,0,39.788,0.801,0.006,-0.028,0.32,130.03
2023-10-20,296,30.7,31.3,110.0,1,38.491,0.768,0.007,-0.03,0.352,130.03
2023-10-20,296,27.15,27.65,115.0,0,37.753,0.729,0.007,-0.031,0.383,130.03
2023-10-20,296,24.0,24.7,120.0,1,36.768,0.689,0.008,-0.032,0.41,130.03
2023-10-20,296,21.15,21.55,125.0,12,36.009,0.645,0.009,-0.033,0.432,130.03
2023-10-20,296,18.45,18.85,130.0,60,35.309,0.599,0.009,-0.033,0.45,130.03
2023-10-20,296,15.9,16.25,135.0,32,35.335,0.553,0.009,-0.033,0.461,130.03
2023-10-20,296,13.55,14.05,140.0,329,34.661,0.506,0.01,-0.032,0.465,130.03
2023-10-20,296,11.5,12.0,145.0,5,34.023,0.459,0.01,-0.031,0.463,130.03
2023-10-20,296,9.7,10.15,150.0,37,33.429,0.412,0.01,-0.03,0.455,130.03
2023-10-20,296,8.05,8.55,155.0,0,32.839,0.366,0.01,-0.028,0.44,130.03
2023-10-20,296,6.7,7.05,160.0,123,32.27,0.322,0.009,-0.026,0.419,130.03
2023-10-20,296,5.45,5.9,165.0,66,31.814,0.281,0.009,-0.024,0.395,130.03
2023-10-20,296,4.45,4.75,170.0,3,31.255,0.242,0.008,-0.022,0.366,130.03
2023-10-20,296,3.65,3.9,175.0,7,30.976,0.208,0.008,-0.02,0.336,130.03
2023-10-20,296,2.97,3.2,180.0,24,30.731,0.178,0.007,-0.018,0.306,130.03
2023-10-20,296,2.35,2.58,185.0,14,30.345,0.15,0.007,-0.016,0.273,130.03
2023-10-20,296,1.93,2.12,190.0,13,30.272,0.128,0.006,-0.014,0.245,130.03
2023-10-20,296,1.56,1.77,195.0,3,30.232,0.109,0.005,-0.012,0.218,130.03
2023-10-20,296,1.25,1.48,200.0,5,30.19,0.092,0.005,-0.011,0.193,130.03
2023-10-20,296,1.01,1.19,205.0,22,30.052,0.077,0.004,-0.009,0.169,130.03
2023-10-20,296,0.81,0.99,210.0,2,30.034,0.065,0.004,-0.008,0.148,130.03
2023-10-20,296,0.66,0.8,215.0,32,29.99,0.054,0.003,-0.007,0.129,130.03
2023-12-15,352,63.65,64.8,70.0,0,46.835,0.944,0.002,-0.013,0.128,130.03
2023-12-15,352,59.05,60.6,75.0,0,45.344,0.931,0.002,-0.015,0.154,130.03
2023-12-15,352,54.9,56.25,80.0,0,44.395,0.915,0.003,-0.017,0.185,130.03
2023-12-15,352,50.9,51.85,85.0,2,43.222,0.896,0.003,-0.019,0.217,130.03
2023-12-15,352,46.95,47.65,90.0,11,42.074,0.876,0.004,-0.021,0.25,130.03
2023-12-15,352,43.15,43.6,95.0,103,41.001,0.852,0.004,-0.023,0.284,130.03
2023-12-15,352,39.4,39.95,100.0,4,40.088,0.825,0.005,-0.025,0.32,130.03
2023-12-15,352,35.8,36.15,105.0,5,39.119,0.795,0.006,-0.026,0.354,130.03
2023-12-15,352,32.3,32.65,110.0,10,38.148,0.763,0.006,-0.027,0.387,130.03
2023-12-15,352,29.0,29.45,115.0,2,37.325,0.727,0.007,-0.028,0.417,130.03
2023-12-15,352,25.7,26.3,120.0,0,36.597,0.689,0.007,-0.029,0.445,130.03
2023-12-15,352,22.75,23.4,125.0,0,35.824,0.649,0.008,-0.03,0.468,130.03
2023-12-15,352,20.2,20.5,130.0,48,35.043,0.607,0.008,-0.03,0.486,130.03
2023-12-15,352,17.7,18.1,135.0,43,34.436,0.564,0.009,-0.03,0.499,130.03
2023-12-15,352,15.4,15.7,140.0,2,34.687,0.522,0.009,-0.03,0.505,130.03
2023-12-15,352,13.25,13.75,145.0,4,34.145,0.479,0.009,-0.029,0.506,130.03
2023-12-15,352,11.35,11.75,150.0,70,33.434,0.435,0.009,-0.028,0.5,130.03
2023-12-15,352,9.7,10.15,155.0,2,33.013,0.394,0.009,-0.027,0.49,130.03
2023-12-15,352,8.2,8.55,160.0,31,32.391,0.352,0.009,-0.025,0.473,130.03
2023-12-15,352,6.9,7.3,165.0,50,32.001,0.314,0.009,-0.024,0.452,130.03
2023-12-15,352,5.75,6.1,170.0,19,31.492,0.276,0.008,-0.022,0.426,130.03
2023-12-15,352,4.85,5.1,175.0,2,31.18,0.243,0.008,-0.02,0.399,130.03
2023-12-15,352,4.0,4.3,180.0,31,30.868,0.212,0.007,-0.019,0.37,130.03
2023-12-15,352,3.3,3.6,185.0,24,30.59,0.184,0.007,-0.017,0.34,130.03
2023-12-15,352,2.75,2.96,190.0,5,30.329,0.159,0.006,-0.015,0.309,130.03
2023-12-15,352,2.27,2.52,195.0,16,30.236,0.138,0.006,-0.014,0.281,130.03
2023-12-15,352,1.91,2.1,200.0,60,30.151,0.119,0.005,-0.012,0.254,130.03
2023-12-15,352,1.58,1.76,205.0,100,30.048,0.103,0.005,-0.011,0.228,130.03
2023-12-15,352,1.3,1.5,210.0,296,30.01,0.088,0.004,-0.01,0.205,130.03
2023-12-15,352,1.07,1.26,215.0,201,29.935,0.076,0.004,-0.009,0.182,130.03
2024-01-19,387,72.7,74.3,60.0,6,48.681,0.962,0.001,-0.01,0.092,130.03
2024-01-19,387,68.15,69.7,65.0,295,47.391,0.952,0.001,-0.012,0.115,130.03
2024-01-19,387,64.0,65.2,70.0,1,46.063,0.941,0.002,-0.013,0.141,130.03
2024-01-19,387,59.65,60.8,75.0,83,44.61,0.928,0.002,-0.015,0.168,130.03
2024-01-19,387,55.5,56.7,80.0,2,43.461,0.912,0.003,-0.017,0.199,130.03
2024-01-19,387,51.45,52.4,85.0,55,42.444,0.893,0.003,-0.019,0.232,130.03
2024-01-19,387,47.7,48.45,90.0,22,41.536,0.872,0.004,-0.02,0.267,130.03
2024-01-19,387,43.8,44.35,95.0,244,40.394,0.849,0.004,-0.022,0.302,130.03
2024-01-19,387,40.15,40.55,100.0,56,39.357,0.823,0.005,-0.024,0.337,130.03
2024-01-19,387,36.55,36.95,105.0,35,38.504,0.794,0.005,-0.025,0.372,130.03
2024-01-19,387,33.15,33.35,110.0,47,37.582,0.762,0.006,-0.026,0.405,130.03
2024-01-19,387,29.7,30.4,115.0,9,36.827,0.728,0.007,-0.027,0.437,130.03
2024-01-19,387,26.55,27.4,120.0,337,36.114,0.691,0.007,-0.028,0.465,130.03
2024-01-19,387,23.8,24.35,125.0,13,35.052,0.652,0.008,-0.028,0.489,130.03
2024-01-19,387,21.1,21.6,130.0,175,34.679,0.612,0.008,-0.029,0.508,130.03
2024-01-19,387,18.6,19.05,135.0,508,34.012,0.57,0.009,-0.028,0.521,130.03
2024-01-19,387,16.3,16.7,140.0,206,34.496,0.531,0.009,-0.029,0.529,130.03
2024-01-19,387,14.1,14.6,145.0,73,33.811,0.489,0.009,-0.028,0.531,130.03
2024-01-19,387,12.4,12.55,150.0,1148,33.313,0.448,0.009,-0.027,0.527,130.03
2024-01-19,387,10.5,10.95,155.0,116,32.725,0.407,0.009,-0.026,0.517,130.03
2024-01-19,387,8.95,9.4,160.0,382,32.201,0.367,0.009,-0.025,0.502,130.03
2024-01-19,387,7.65,8.1,165.0,567,31.861,0.33,0.008,-0.023,0.483,130.03
2024-01-19,387,6.45,6.8,170.0,158,31.317,0.293,0.008,-0.022,0.459,130.03
2024-01-19,387,5.3,5.95,175.0,60,31.013,0.26,0.008,-0.02,0.433,130.03
2024-01-19,387,4.6,4.95,180.0,152,30.777,0.23,0.007,-0.019,0.406,130.03
2024-01-19,387,3.85,4.2,185.0,25,30.518,0.202,0.007,-0.017,0.376,130.03
2024-01-19,387,3.2,3.5,190.0,41,30.188,0.176,0.006,-0.015,0.345,130.03
2024-01-19,387,2.68,3.05,195.0,142,30.163,0.155,0.006,-0.014,0.318,130.03
2024-01-19,387,2.3,2.5,200.0,451,29.986,0.134,0.005,-0.013,0.29,130.03
2024-01-19,387,1.96,2.13,205.0,180,29.942,0.117,0.005,-0.012,0.264,130.03
2024-03-15,443,72.6,75.2,60.0,0,47.29,0.957,0.001,-0.009,0.106,130.03
2024-03-15,443,68.3,70.75,65.0,1,45.817,0.947,0.001,-0.011,0.13,130.03
2024-03-15,443,64.15,66.3,70.0,3,44.594,0.936,0.002,-0.013,0.157,130.03
2024-03-15,443,60.05,61.95,75.0,0,43.522,0.922,0.002,-0.014,0.188,130.03
2024-03-15,443,56.15,57.7,80.0,10,42.956,0.904,0.003,-0.016,0.224,130.03
2024-03-15,443,52.05,53.5,85.0,0,41.918,0.886,0.003,-0.018,0.258,130.03
2024-03-15,443,48.35,49.45,90.0,0,40.82,0.866,0.003,-0.019,0.293,130.03
2024-03-15,443,44.95,45.55,95.0,0,39.888,0.842,0.004,-0.021,0.329,130.03
2024-03-15,443,40.9,41.85,100.0,1,39.165,0.816,0.005,-0.022,0.366,130.03
2024-03-15,443,37.65,38.6,105.0,0,38.269,0.789,0.005,-0.023,0.401,130.03
2024-03-15,443,33.9,35.0,110.0,5,37.563,0.758,0.006,-0.025,0.435,130.03
2024-03-15,443,30.95,32.3,115.0,0,36.726,0.726,0.006,-0.025,0.467,130.03
2024-03-15,443,27.65,28.85,120.0,4,35.966,0.692,0.007,-0.026,0.495,130.03
2024-03-15,443,25.25,25.8,125.0,10,35.301,0.655,0.007,-0.026,0.519,130.03
2024-03-15,443,22.65,23.15,130.0,53,34.707,0.618,0.008,-0.027,0.539,130.03
2024-03-15,443,20.15,20.65,135.0,1,34.032,0.579,0.008,-0.027,0.554,130.03
2024-03-15,443,17.85,18.4,140.0,63,34.689,0.543,0.008,-0.027,0.562,130.03
2024-03-15,443,15.75,16.25,145.0,43,34.101,0.505,0.008,-0.027,0.566,130.03
2024-03-15,443,13.85,14.3,150.0,52,33.583,0.467,0.008,-0.026,0.565,130.03
2024-03-15,443,12.0,12.6,155.0,1,33.052,0.429,0.008,-0.025,0.559,130.03
2024-03-15,443,10.45,11.0,160.0,5,32.605,0.392,0.008,-0.024,0.547,130.03
2024-03-15,443,9.1,9.6,165.0,1,32.26,0.357,0.008,-0.023,0.531,130.03
2024-03-15,443,7.8,8.3,170.0,18,31.795,0.322,0.008,-0.022,0.511,130.03
2024-03-15,443,6.75,7.2,175.0,2,31.518,0.29,0.008,-0.02,0.489,130.03
2024-03-15,443,5.8,6.2,180.0,13,31.205,0.26,0.007,-0.019,0.463,130.03
2024-03-15,443,4.95,5.3,185.0,5,30.869,0.232,0.007,-0.018,0.436,130.03
2024-03-15,443,4.3,4.55,190.0,25,30.711,0.207,0.006,-0.016,0.408,130.03
2024-03-15,443,3.65,4.0,195.0,21,30.595,0.185,0.006,-0.015,0.381,130.03
2024-03-15,443,3.1,3.5,200.0,7,30.483,0.164,0.006,-0.014,0.354,130.03
2024-03-15,443,2.66,2.91,205.0,0,30.215,0.144,0.005,-0.013,0.324,130.03
2024-06-21,541,73.05,76.4,60.0,0,46.214,0.947,0.001,-0.009,0.134,130.03
2024-06-21,541,68.9,72.05,65.0,0,45.016,0.937,0.001,-0.01,0.163,130.03
2024-06-21,541,64.95,67.7,70.0,1,43.919,0.924,0.002,-0.012,0.194,130.03
2024-06-21,541,61.5,63.6,75.0,0,42.961,0.91,0.002,-0.013,0.227,130.03
2024-06-21,541,57.45,59.35,80.0,1,41.958,0.893,0.002,-0.015,0.262,130.03
2024-06-21,541,53.9,55.0,85.0,0,40.666,0.876,0.003,-0.016,0.296,130.03
2024-06-21,541,50.0,51.35,90.0,6,40.14,0.855,0.003,-0.018,0.336,130.03
2024-06-21,541,46.4,47.6,95.0,0,39.303,0.833,0.004,-0.019,0.373,130.03
2024-06-21,541,43.15,44.0,100.0,15,38.197,0.809,0.004,-0.02,0.409,130.03
2024-06-21,541,39.75,40.5,105.0,11,37.729,0.782,0.005,-0.021,0.446,130.03
2024-06-21,541,36.55,37.25,110.0,5,37.041,0.754,0.005,-0.022,0.481,130.03
2024-06-21,541,33.35,34.4,115.0,8,36.261,0.725,0.006,-0.023,0.512,130.03
2024-06-21,541,30.65,31.3,120.0,11,35.581,0.693,0.006,-0.023,0.541,130.03
2024-06-21,541,27.7,28.55,125.0,67,35.072,0.66,0.006,-0.024,0.566,130.03
2024-06-21,541,25.1,25.7,130.0,41,34.308,0.626,0.007,-0.024,0.587,130.03
2024-06-21,541,22.9,23.3,135.0,69,33.971,0.592,0.007,-0.024,0.604,130.03
2024-06-21,541,20.35,20.95,140.0,33,34.835,0.56,0.007,-0.025,0.614,130.03
2024-06-21,541,18.2,19.0,145.0,9,34.417,0.526,0.007,-0.024,0.621,130.03
2024-06-21,541,16.45,16.9,150.0,20,33.973,0.493,0.007,-0.024,0.624,130.03
2024-06-21,541,14.45,15.1,155.0,166,33.349,0.458,0.007,-0.023,0.621,130.03
2024-06-21,541,12.65,13.55,160.0,16,32.87,0.424,0.007,-0.023,0.614,130.03
2024-06-21,541,11.35,12.0,165.0,16,32.587,0.393,0.007,-0.022,0.603,130.03
2024-06-21,541,10.1,10.65,170.0,66,32.317,0.362,0.007,-0.021,0.589,130.03
2024-06-21,541,8.9,9.55,175.0,123,32.081,0.333,0.007,-0.02,0.571,130.03
2024-06-21,541,7.8,8.3,180.0,12,31.651,0.303,0.007,-0.019,0.549,130.03
2024-06-21,541,6.85,7.35,185.0,12,31.413,0.277,0.007,-0.018,0.527,130.03
2024-06-21,541,5.9,6.55,190.0,8,31.145,0.251,0.006,-0.017,0.502,130.03
2024-06-21,541,5.25,5.6,195.0,82,30.849,0.227,0.006,-0.016,0.475,130.03
2024-06-21,541,4.6,5.05,200.0,166,30.814,0.207,0.006,-0.015,0.45,130.03
2024-06-21,541,3.95,4.5,205.0,1,30.629,0.187,0.005,-0.014,0.423,130.03
2025-01-17,751,75.05,78.4,60.0,0,43.358,0.933,0.001,-0.008,0.181,130.03
2025-01-17,751,70.75,74.45,65.0,83,42.693,0.921,0.001,-0.009,0.217,130.03
2025-01-17,751,67.75,69.8,70.0,15,41.663,0.908,0.002,-0.01,0.252,130.03
2025-01-17,751,64.0,65.7,75.0,0,40.709,0.894,0.002,-0.011,0.289,130.03
2025-01-17,751,60.0,61.9,80.0,74,40.043,0.877,0.002,-0.012,0.329,130.03
2025-01-17,751,56.45,58.4,85.0,0,39.23,0.86,0.003,-0.014,0.368,130.03
2025-01-17,751,52.8,54.6,90.0,57,38.425,0.841,0.003,-0.015,0.407,130.03
2025-01-17,751,49.9,51.0,95.0,64,37.726,0.82,0.003,-0.016,0.447,130.03
2025-01-17,751,47.0,47.7,100.0,111,36.901,0.799,0.004,-0.016,0.485,130.03
2025-01-17,751,43.0,44.4,105.0,1,36.294,0.775,0.004,-0.017,0.522,130.03
2025-01-17,751,40.25,41.25,110.0,26,35.593,0.75,0.004,-0.018,0.558,130.03
2025-01-17,751,37.2,38.35,115.0,24,35.055,0.724,0.005,-0.018,0.591,130.03
2025-01-17,751,34.5,35.9,120.0,48,34.49,0.697,0.005,-0.019,0.622,130.03
2025-01-17,751,31.9,32.85,125.0,49,33.896,0.669,0.005,-0.019,0.649,130.03
2025-01-17,751,29.5,30.1,130.0,214,33.16,0.64,0.006,-0.02,0.673,130.03
2025-01-17,751,26.95,27.8,135.0,99,32.842,0.61,0.006,-0.02,0.693,130.03
2025-01-17,751,24.75,25.45,140.0,684,32.55,0.58,0.006,-0.02,0.708,130.03
2025-01-17,751,22.6,23.45,145.0,73,34.279,0.558,0.006,-0.021,0.717,130.03
2025-01-17,751,20.55,21.15,150.0,171,33.594,0.528,0.006,-0.02,0.724,130.03
2025-01-17,751,18.7,19.5,155.0,147,33.309,0.5,0.006,-0.02,0.728,130.03
2025-01-17,751,17.15,17.8,160.0,190,32.96,0.472,0.006,-0.02,0.727,130.03
2025-01-17,751,15.5,16.0,165.0,256,32.463,0.444,0.006,-0.019,0.723,130.03
2025-01-17,751,14.0,14.7,170.0,286,32.199,0.417,0.006,-0.019,0.716,130.03
2025-01-17,751,12.7,13.2,175.0,47,31.811,0.39,0.006,-0.018,0.704,130.03
2025-01-17,751,11.45,12.0,180.0,92,31.536,0.364,0.006,-0.018,0.69,130.03
2025-01-17,751,10.3,10.9,185.0,9,31.275,0.339,0.006,-0.017,0.674,130.03
2025-01-17,751,9.35,9.8,190.0,382,31.05,0.316,0.006,-0.016,0.655,130.03
2025-01-17,751,8.55,8.85,195.0,23,30.898,0.294,0.006,-0.016,0.635,130.03
2025-01-17,751,7.7,7.9,200.0,124,30.63,0.272,0.006,-0.015,0.612,130.03
2025-01-17,751,6.7,7.3,205.0,26,30.389,0.251,0.006,-0.014,0.588,130.03
